{
  "__comment": [
    "Mobs will be able to equip items declared here",
    "The first number is the weight while the second number is the quality",
    "Weight is the weight of an item. Higher weight means that the item is more likely to get choosen",
    "Quality is a modifier applied to the weight. The final weight used is weight + quality * current difficulty"
  ],
  "MAINHAND": {
    "alexsmobs:skelewag_sword": [
      1226,
      -1.808
    ],
    "alexsmobs:tendon_whip": [
      1225,
      -1.8
    ],
    "aquaculture:diamond_fillet_knife": [
      1064,
      -0.512
    ],
    "aquaculture:gold_fillet_knife": [
      1442,
      -3.536
    ],
    "aquaculture:iron_fillet_knife": [
      1371,
      -2.968
    ],
    "aquaculture:neptunium_axe": [
      596,
      3.232
    ],
    "aquaculture:neptunium_bow": [
      50,
      0.0
    ],
    "aquaculture:neptunium_fillet_knife": [
      1409,
      -3.272
    ],
    "aquaculture:neptunium_sword": [
      696,
      2.432
    ],
    "aquaculture:stone_fillet_knife": [
      1410,
      -3.28
    ],
    "aquaculture:wooden_fillet_knife": [
      1436,
      -3.488
    ],
    "ars_nouveau:enchanters_sword": [
      602,
      3.184
    ],
    "ars_nouveau:spell_bow": [
      1300,
      0.0
    ],
    "ars_nouveau:spell_crossbow": [
      1000,
      0.0
    ],
    "byg:pendorite_axe": [
      358,
      5.136
    ],
    "byg:pendorite_battleaxe": [
      238,
      6.096
    ],
    "byg:pendorite_sword": [
      462,
      4.304
    ],
    "cfm:spatula": [
      1225,
      -1.8
    ],
    "enigmaticlegacy:ender_slayer": [
      612,
      3.104
    ],
    "enigmaticlegacy:etherium_axe": [
      1,
      9.6
    ],
    "enigmaticlegacy:etherium_scythe": [
      262,
      5.904
    ],
    "enigmaticlegacy:etherium_sword": [
      88,
      7.296
    ],
    "enigmaticlegacy:forbidden_axe": [
      508,
      3.936
    ],
    "frozen_delight:ice_knife": [
      1222,
      -1.776
    ],
    "galosphere_delight:allurite_knife": [
      1055,
      -0.44
    ],
    "galosphere_delight:lumiere_knife": [
      1055,
      -0.44
    ],
    "galosphere_delight:silver_knife": [
      1087,
      -0.696
    ],
    "italian_delight:iron_pizza_peel": [
      1260,
      -2.08
    ],
    "italian_delight:rolling_pin": [
      1274,
      -2.192
    ],
    "majruszsdifficulty:enderium_axe": [
      346,
      5.232
    ],
    "majruszsdifficulty:enderium_sword": [
      466,
      4.272
    ],
    "majruszsdifficulty:wither_sword": [
      1150,
      -1.2
    ],
    "mca:scythe": [
      1040,
      -0.32
    ],
    "minecraft:bow": [
      1108,
      0.0
    ],
    "minecraft:crossbow": [
      1000,
      0.0
    ],
    "minecraft:diamond_axe": [
      693,
      2.456
    ],
    "minecraft:diamond_sword": [
      789,
      1.688
    ],
    "minecraft:enchanted_book": [
      1100,
      0.0
    ],
    "minecraft:golden_axe": [
      1248,
      -1.984
    ],
    "minecraft:golden_sword": [
      1362,
      -2.896
    ],
    "minecraft:iron_axe": [
      1087,
      -0.696
    ],
    "minecraft:iron_sword": [
      1225,
      -1.8
    ],
    "minecraft:lingering_potion{Potion:\"minecraft:harming\"}": [
      1050,
      0.0
    ],
    "minecraft:netherite_axe": [
      498,
      4.016
    ],
    "minecraft:netherite_sword": [
      602,
      3.184
    ],
    "minecraft:snowball": [
      1400,
      0.0
    ],
    "minecraft:splash_potion{Potion:\"minecraft:harming\"}": [
      1050,
      0.0
    ],
    "minecraft:stone_axe": [
      1122,
      -0.976
    ],
    "minecraft:stone_sword": [
      1298,
      -2.384
    ],
    "minecraft:tnt": [
      800,
      0.0
    ],
    "minecraft:trident": [
      900,
      0.0
    ],
    "minecraft:wooden_axe": [
      1240,
      -1.92
    ],
    "minecraft:wooden_sword": [
      1354,
      -2.832
    ],
    "nethersdelight:diamond_machete": [
      831,
      1.352
    ],
    "nethersdelight:golden_machete": [
      1392,
      -3.136
    ],
    "nethersdelight:iron_machete": [
      1263,
      -2.104
    ],
    "nethersdelight:netherite_machete": [
      648,
      2.816
    ],
    "occultism:butcher_knife": [
      1225,
      -1.8
    ]
  },
  "OFFHAND": {
    "ars_nouveau:enchanters_shield": [
      1350,
      0.0
    ],
    "minecraft:ender_pearl": [
      1100,
      0.0
    ],
    "minecraft:flint_and_steel": [
      1200,
      0.0
    ],
    "minecraft:lava_bucket": [
      900,
      0.0
    ],
    "minecraft:shield": [
      1350,
      0.0
    ]
  },
  "FEET": {
    "alexsmobs:flying_fish_boots": [
      1298,
      -2.384
    ],
    "alexsmobs:roadrunner_boots": [
      737,
      2.104
    ],
    "aquaculture:neptunium_boots": [
      19,
      7.848
    ],
    "ars_elemental:air_boots": [
      1,
      11.744
    ],
    "ars_elemental:aqua_boots": [
      1,
      11.744
    ],
    "ars_elemental:earth_boots": [
      1,
      11.744
    ],
    "ars_elemental:fire_boots": [
      1,
      11.744
    ],
    "ars_nouveau:apprentice_boots": [
      607,
      3.144
    ],
    "ars_nouveau:archmage_boots": [
      28,
      7.776
    ],
    "ars_nouveau:novice_boots": [
      864,
      1.088
    ],
    "byg:ametrine_boots": [
      1,
      8.52
    ],
    "create:copper_diving_boots": [
      1141,
      -1.128
    ],
    "create:netherite_diving_boots": [
      361,
      5.112
    ],
    "enigmaticlegacy:etherium_boots": [
      1,
      22.048
    ],
    "galosphere:sterling_boots": [
      1143,
      -1.144
    ],
    "majruszsdifficulty:enderium_boots": [
      1,
      10.688
    ],
    "majruszsdifficulty:tattered_boots": [
      1302,
      -2.416
    ],
    "minecraft:chainmail_boots": [
      1098,
      -0.784
    ],
    "minecraft:diamond_boots": [
      444,
      4.448
    ],
    "minecraft:golden_boots": [
      1201,
      -1.608
    ],
    "minecraft:iron_boots": [
      954,
      0.368
    ],
    "minecraft:leather_boots": [
      1356,
      -2.848
    ],
    "minecraft:netherite_boots": [
      361,
      5.112
    ]
  },
  "LEGS": {
    "alexsmobs:centipede_leggings": [
      1,
      13.328
    ],
    "alexsmobs:emu_leggings": [
      520,
      3.84
    ],
    "aquaculture:neptunium_leggings": [
      19,
      7.848
    ],
    "ars_elemental:air_leggings": [
      1,
      11.744
    ],
    "ars_elemental:aqua_leggings": [
      1,
      11.744
    ],
    "ars_elemental:earth_leggings": [
      1,
      11.744
    ],
    "ars_elemental:fire_leggings": [
      1,
      11.744
    ],
    "ars_nouveau:apprentice_leggings": [
      607,
      3.144
    ],
    "ars_nouveau:archmage_leggings": [
      28,
      7.776
    ],
    "ars_nouveau:novice_leggings": [
      864,
      1.088
    ],
    "byg:ametrine_leggings": [
      1,
      8.52
    ],
    "enigmaticlegacy:etherium_leggings": [
      1,
      22.048
    ],
    "galosphere:sterling_leggings": [
      1143,
      -1.144
    ],
    "majruszsdifficulty:enderium_leggings": [
      1,
      10.688
    ],
    "majruszsdifficulty:tattered_leggings": [
      1302,
      -2.416
    ],
    "minecraft:chainmail_leggings": [
      1098,
      -0.784
    ],
    "minecraft:diamond_leggings": [
      444,
      4.448
    ],
    "minecraft:golden_leggings": [
      1201,
      -1.608
    ],
    "minecraft:iron_leggings": [
      954,
      0.368
    ],
    "minecraft:leather_leggings": [
      1356,
      -2.848
    ],
    "minecraft:netherite_leggings": [
      361,
      5.112
    ]
  },
  "CHEST": {
    "alexsmobs:crocodile_chestplate": [
      194,
      6.448
    ],
    "alexsmobs:rocky_chestplate": [
      256,
      5.952
    ],
    "alexsmobs:tarantula_hawk_elytra": [
      897,
      0.824
    ],
    "alexsmobs:unsettling_kimono": [
      900,
      0.8
    ],
    "aquaculture:neptunium_chestplate": [
      19,
      7.848
    ],
    "ars_elemental:air_robes": [
      1,
      11.744
    ],
    "ars_elemental:aqua_robes": [
      1,
      11.744
    ],
    "ars_elemental:earth_robes": [
      1,
      11.744
    ],
    "ars_elemental:fire_robes": [
      1,
      11.744
    ],
    "ars_nouveau:apprentice_robes": [
      607,
      3.144
    ],
    "ars_nouveau:archmage_robes": [
      28,
      7.776
    ],
    "ars_nouveau:novice_robes": [
      864,
      1.088
    ],
    "byg:ametrine_chestplate": [
      1,
      8.52
    ],
    "create:copper_backtank": [
      1141,
      -1.128
    ],
    "create:netherite_backtank": [
      361,
      5.112
    ],
    "enigmaticlegacy:etherium_chestplate": [
      1,
      22.048
    ],
    "galosphere:sterling_chestplate": [
      1143,
      -1.144
    ],
    "majruszsdifficulty:enderium_chestplate": [
      1,
      10.688
    ],
    "majruszsdifficulty:tattered_chestplate": [
      1302,
      -2.416
    ],
    "minecraft:chainmail_chestplate": [
      1098,
      -0.784
    ],
    "minecraft:diamond_chestplate": [
      444,
      4.448
    ],
    "minecraft:golden_chestplate": [
      1201,
      -1.608
    ],
    "minecraft:iron_chestplate": [
      954,
      0.368
    ],
    "minecraft:leather_chestplate": [
      1356,
      -2.848
    ],
    "minecraft:netherite_chestplate": [
      361,
      5.112
    ],
    "quark:backpack": [
      1356,
      -2.848
    ]
  },
  "HEAD": {
    "alexsmobs:fedora": [
      1099,
      -0.792
    ],
    "alexsmobs:frontier_cap": [
      657,
      2.744
    ],
    "alexsmobs:froststalker_helmet": [
      880,
      0.96
    ],
    "alexsmobs:moose_headgear": [
      716,
      2.272
    ],
    "alexsmobs:novelty_hat": [
      1103,
      -0.824
    ],
    "alexsmobs:sombrero": [
      1036,
      -0.288
    ],
    "alexsmobs:spiked_turtle_shell": [
      443,
      4.456
    ],
    "aquaculture:neptunium_helmet": [
      19,
      7.848
    ],
    "ars_elemental:air_hat": [
      1,
      11.744
    ],
    "ars_elemental:aqua_hat": [
      1,
      11.744
    ],
    "ars_elemental:earth_hat": [
      1,
      11.744
    ],
    "ars_elemental:fire_hat": [
      1,
      11.744
    ],
    "ars_nouveau:apprentice_hood": [
      607,
      3.144
    ],
    "ars_nouveau:archmage_hood": [
      28,
      7.776
    ],
    "ars_nouveau:novice_hood": [
      864,
      1.088
    ],
    "byg:ametrine_helmet": [
      1,
      8.52
    ],
    "create:copper_diving_helmet": [
      1141,
      -1.128
    ],
    "create:netherite_diving_helmet": [
      361,
      5.112
    ],
    "enigmaticlegacy:etherium_helmet": [
      1,
      22.048
    ],
    "galosphere:sterling_helmet": [
      1143,
      -1.144
    ],
    "majruszsdifficulty:enderium_helmet": [
      1,
      10.688
    ],
    "majruszsdifficulty:tattered_helmet": [
      1302,
      -2.416
    ],
    "minecraft:chainmail_helmet": [
      1098,
      -0.784
    ],
    "minecraft:diamond_helmet": [
      444,
      4.448
    ],
    "minecraft:golden_helmet": [
      1201,
      -1.608
    ],
    "minecraft:iron_helmet": [
      954,
      0.368
    ],
    "minecraft:leather_helmet": [
      1356,
      -2.848
    ],
    "minecraft:netherite_helmet": [
      361,
      5.112
    ],
    "minecraft:turtle_helmet": [
      865,
      1.08
    ],
    "occultism:otherworld_goggles": [
      954,
      0.368
    ],
    "quark:forgotten_hat": [
      1356,
      -2.848
    ]
  }
}